Testing_Accuracy,Activation_Function,Optimzer,Epochs
0.8545766806532291,sigmoid,adagrad,20
0.9532188014438823,sigmoid,adagrad,100
0.9997684233514322,sigmoid,adagrad,500
0.9934399313785175,tanh,adagrad,20
0.9965661707422868,tanh,adagrad,100
0.9999999999833064,tanh,adagrad,500
0.3162971469337995,relu,adagrad,20
0.2917304926337799,relu,adagrad,100
0.35256408047535837,relu,adagrad,500
