Testing_Accuracy,Activation_Function,Optimzer,Epochs
0.8596753813198387,sigmoid,adagrad,20
0.9674305181279994,sigmoid,adagrad,100
0.9998918458439932,sigmoid,adagrad,500
0.9982044509678503,tanh,adagrad,20
0.9974178406922231,tanh,adagrad,100
0.9999994033718931,tanh,adagrad,500
